"n","distribution","estimand","method","coverage_rate","mean_width","sd_width","left_tail_coverage","right_tail_coverage","n_successful","se_coverage"
20,"normal","mean","percentile",0.9241,1.6765787217355,0.276717887772914,0.9612,0.9629,10000,0.00264838044850055
20,"normal","mean","basic",0.9221,1.6765787217355,0.276717887772914,0.9608,0.9613,10000,0.0026801416007368
20,"normal","mean","normal",0.9261,1.68589348543342,0.276035052107629,0.9623,0.9638,10000,0.00261608084737456
20,"normal","mean","bca",0.9246,1.70082377108728,0.281696363454999,0.962,0.9626,10000,0.00264035679407159
20,"normal","mean","t_interval",0.9471,1.84730549755344,0.29931451849606,0.9726,0.9745,10000,0.00223833844625874
30,"normal","mean","percentile",0.9322,1.38578497501766,0.187215633593261,0.9647,0.9675,10000,0.00251402386623516
30,"normal","mean","basic",0.9319,1.38578497501766,0.187215633593261,0.9642,0.9677,10000,0.002519174269478
30,"normal","mean","normal",0.9366,1.39280300220488,0.186112407944162,0.9667,0.9699,10000,0.00243681021009023
30,"normal","mean","bca",0.9342,1.40185635785747,0.189962813317834,0.9656,0.9686,10000,0.00247932168142821
30,"normal","mean","t_interval",0.9507,1.47895349517975,0.194431268669394,0.9742,0.9765,10000,0.00216493671962947
40,"normal","mean","percentile",0.9398,1.21030417203786,0.142485712793759,0.9682,0.9716,10000,0.00237857015872982
40,"normal","mean","basic",0.9395,1.21030417203786,0.142485712793759,0.968,0.9715,10000,0.00238410884818626
40,"normal","mean","normal",0.9411,1.21620423422506,0.140699290138843,0.9691,0.972,10000,0.00235437443920885
40,"normal","mean","bca",0.9415,1.22295320918417,0.143858547755873,0.9696,0.9719,10000,0.0023468649300716
40,"normal","mean","t_interval",0.9504,1.27196599806703,0.143949867133461,0.9738,0.9766,10000,0.00217117111255654
50,"normal","mean","percentile",0.9366,1.08798261647033,0.11464875088154,0.9679,0.9687,10000,0.00243681021009023
50,"normal","mean","basic",0.9356,1.08798261647033,0.11464875088154,0.967,0.9686,10000,0.00245464131799332
50,"normal","mean","normal",0.9381,1.09314802557247,0.112777236265329,0.9685,0.9696,10000,0.00240973836754117
50,"normal","mean","bca",0.9379,1.09836962580369,0.115734727491866,0.9687,0.9692,10000,0.00241337087908179
50,"normal","mean","t_interval",0.9455,1.13256946310247,0.11395227596775,0.9718,0.9737,10000,0.00227001651976368
100,"normal","mean","percentile",0.947,0.776081016256789,0.0600910806962466,0.9728,0.9742,10000,0.00224033479640879
100,"normal","mean","basic",0.9472,0.776081016256789,0.0600910806962466,0.9725,0.9747,10000,0.00223633986683599
100,"normal","mean","normal",0.948,0.779322682044942,0.058249786913468,0.973,0.975,10000,0.00222027025382047
100,"normal","mean","bca",0.9478,0.782967634876563,0.0606675065698954,0.9733,0.9745,10000,0.00222430123859157
100,"normal","mean","t_interval",0.9538,0.793068029902059,0.0565990746490242,0.976,0.9778,10000,0.00209917983984222
200,"normal","mean","percentile",0.9476,0.549820866160697,0.0324142087287705,0.9717,0.9759,10000,0.00222832313635164
200,"normal","mean","basic",0.9455,0.549820866160697,0.0324142087287705,0.9706,0.9749,10000,0.00227001651976368
200,"normal","mean","normal",0.9487,0.552304352788376,0.030398125338248,0.9724,0.9763,10000,0.00220608952674183
200,"normal","mean","bca",0.9472,0.554613226680012,0.0328605021842196,0.9713,0.9759,10000,0.00223633986683599
200,"normal","mean","t_interval",0.9517,0.5571733043701,0.0281919190075453,0.9742,0.9775,10000,0.00214399416976819
20,"normal","median","percentile",0.9393,2.09453158691456,0.579685681379483,0.9693,0.97,10000,0.00238779207637516
20,"normal","median","basic",0.8313,2.09453158691456,0.579685681379483,0.9172,0.9141,10000,0.00374486728736814
20,"normal","median","normal",0.9306,2.19993875326633,0.643391003601764,0.9662,0.9644,10000,0.00254133114725334
20,"normal","median","bca",0.9394,2.14159071220983,0.595674521148326,0.9788,0.9606,10000,0.00238595138257258
20,"normal","median","t_interval",NA,NA,NA,NA,NA,10000,NA
30,"normal","median","percentile",0.9415,1.73441767520921,0.447465061873706,0.9717,0.9698,10000,0.0023468649300716
30,"normal","median","basic",0.8453,1.73441767520921,0.447465061873706,0.9249,0.9204,10000,0.00361618459152737
30,"normal","median","normal",0.9327,1.80871727564009,0.494878943842834,0.9673,0.9654,10000,0.00250540834995016
30,"normal","median","bca",0.9403,1.76447020495654,0.455324547797276,0.9806,0.9597,10000,0.0023693017958884
30,"normal","median","t_interval",NA,NA,NA,NA,NA,10000,NA
40,"normal","median","percentile",0.9436,1.52113351654522,0.375819364313476,0.9723,0.9713,10000,0.0023069252263565
40,"normal","median","basic",0.8531,1.52113351654522,0.375819364313476,0.9251,0.928,10000,0.00354006200510669
40,"normal","median","normal",0.9327,1.56933169499107,0.411973955357672,0.9669,0.9658,10000,0.00250540834995016
40,"normal","median","bca",0.9431,1.53518806491876,0.380475831243059,0.978,0.9651,10000,0.00231651440746653
40,"normal","median","t_interval",NA,NA,NA,NA,NA,10000,NA
50,"normal","median","percentile",0.9456,1.36680218311705,0.324550649770198,0.9743,0.9713,10000,0.00226805290943576
50,"normal","median","basic",0.8627,1.36680218311705,0.324550649770198,0.9351,0.9276,10000,0.00344163783684455
50,"normal","median","normal",0.938,1.40819322039242,0.352273004178624,0.972,0.966,10000,0.00241155551460048
50,"normal","median","bca",0.9435,1.37479392099656,0.325440781916962,0.9797,0.9638,10000,0.00230884711490389
50,"normal","median","t_interval",NA,NA,NA,NA,NA,10000,NA
100,"normal","median","percentile",0.9496,0.971540506726302,0.201139051757788,0.9742,0.9754,10000,0.00218768919181862
100,"normal","median","basic",0.8815,0.971540506726302,0.201139051757788,0.9367,0.9448,10000,0.00323199241954557
100,"normal","median","normal",0.9405,0.996427931076306,0.21907595513613,0.9686,0.9719,10000,0.00236558132390328
100,"normal","median","bca",0.9517,0.980022519911248,0.201898077056518,0.9793,0.9724,10000,0.00214399416976819
100,"normal","median","t_interval",NA,NA,NA,NA,NA,10000,NA
200,"normal","median","percentile",0.9492,0.689465134610946,0.125352774609413,0.975,0.9742,10000,0.00219589070766284
200,"normal","median","basic",0.896,0.689465134610946,0.125352774609413,0.9476,0.9484,10000,0.00305260544453423
200,"normal","median","normal",0.9427,0.704742123348097,0.134977167902576,0.9713,0.9714,10000,0.00232414952186816
200,"normal","median","bca",0.95,0.695799466255258,0.125868505273839,0.9785,0.9715,10000,0.00217944947177034
200,"normal","median","t_interval",NA,NA,NA,NA,NA,10000,NA
20,"normal","sd","percentile",0.861,1.1207871751592,0.284001659067508,0.995,0.866,10000,0.00345946527659984
20,"normal","sd","basic",0.8902,1.1207871751592,0.284001659067508,0.9641,0.9261,10000,0.00312640304503434
20,"normal","sd","normal",0.8902,1.13530193542723,0.296854937511476,0.9862,0.904,10000,0.00312640304503434
20,"normal","sd","bca",0.893027192889641,1.14163037192055,0.303941996585508,0.962543646175008,0.930483546714633,10000,0.00309078672265313
20,"normal","sd","t_interval",NA,NA,NA,NA,NA,10000,NA
30,"normal","sd","percentile",0.888,0.937980646295685,0.201984779951297,0.9932,0.8948,10000,0.00315366453510832
30,"normal","sd","basic",0.9077,0.937980646295685,0.201984779951297,0.9697,0.938,10000,0.00289448976505359
30,"normal","sd","normal",0.9072,0.946882739882512,0.208005494752918,0.9862,0.921,10000,0.00290151960186382
30,"normal","sd","bca",0.913570192405579,0.975107898352914,0.229934620511198,0.963962129695612,0.949608062709966,10000,0.00280997679623182
30,"normal","sd","t_interval",NA,NA,NA,NA,NA,10000,NA
40,"normal","sd","percentile",0.9018,0.823210942449506,0.159829474333293,0.9906,0.9112,10000,0.00297584878648093
40,"normal","sd","basic",0.919,0.823210942449506,0.159829474333293,0.9736,0.9454,10000,0.00272835115042034
40,"normal","sd","normal",0.9161,0.82984243320516,0.162779487396748,0.9853,0.9308,10000,0.00277237786024921
40,"normal","sd","bca",0.925389643036702,0.858468382843334,0.183883034904194,0.967722473604827,0.957667169431875,10000,0.00262761586989246
40,"normal","sd","t_interval",NA,NA,NA,NA,NA,10000,NA
50,"normal","sd","percentile",0.9084,0.745641474386973,0.132816284352252,0.9905,0.9179,10000,0.00288460465228773
50,"normal","sd","basic",0.9251,0.745641474386973,0.132816284352252,0.9778,0.9473,10000,0.00263229918512315
50,"normal","sd","normal",0.9209,0.751008270304362,0.134755665892763,0.9868,0.9341,10000,0.00269894775792345
50,"normal","sd","bca",0.930246542393265,0.778147002390575,0.155563740554909,0.969031870114251,0.961214672279014,10000,0.00254731059666151
50,"normal","sd","t_interval",NA,NA,NA,NA,NA,10000,NA
100,"normal","sd","percentile",0.9248,0.538371941160021,0.0723006670210538,0.988,0.9368,10000,0.00263713784243448
100,"normal","sd","basic",0.9327,0.538371941160021,0.0723006670210538,0.9791,0.9536,10000,0.00250540834995016
100,"normal","sd","normal",0.9309,0.541358965672474,0.0721923992048383,0.9842,0.9467,10000,0.0025362411162979
100,"normal","sd","bca",0.9394,0.555736582696086,0.0819439392453976,0.9717,0.9677,10000,0.00238595138257258
100,"normal","sd","t_interval",NA,NA,NA,NA,NA,10000,NA
200,"normal","sd","percentile",0.9349,0.384391918280987,0.038087899735088,0.983,0.9519,10000,0.00246702229418382
200,"normal","sd","basic",0.939,0.384391918280987,0.038087899735088,0.9776,0.9614,10000,0.00239330315672712
200,"normal","sd","normal",0.939,0.386430481594231,0.0376411313555609,0.9808,0.9582,10000,0.00239330315672712
200,"normal","sd","bca",0.9418,0.393215410425362,0.041561155792298,0.9686,0.9732,10000,0.00234121250637357
200,"normal","sd","t_interval",NA,NA,NA,NA,NA,10000,NA
20,"normal","cv","percentile",0.8673,0.26665541670554,0.0866209532387322,0.9931,0.8742,10000,0.00339250217391235
20,"normal","cv","basic",0.9051,0.26665541670554,0.0866209532387322,0.9904,0.9147,10000,0.00293076764688025
20,"normal","cv","normal",0.8909,0.26919241858475,0.0883940251471459,0.9938,0.8971,10000,0.00311764638790226
20,"normal","cv","bca",0.899196956889265,0.291177774701582,0.111575436933779,0.965553677092139,0.933643279797126,10000,0.00301067749203316
20,"normal","cv","t_interval",NA,NA,NA,NA,NA,10000,NA
30,"normal","cv","percentile",0.8887,0.220068054869646,0.0587868241025908,0.9915,0.8972,10000,0.00314503275022693
30,"normal","cv","basic",0.9129,0.220068054869646,0.0587868241025908,0.9893,0.9236,10000,0.00281981541949114
30,"normal","cv","normal",0.9047,0.221747066856318,0.0598148102123354,0.9915,0.9132,10000,0.00293628864384958
30,"normal","cv","bca",0.909966541620197,0.23951013040402,0.0749855443641785,0.964716617661969,0.945249923958228,10000,0.00286229688802499
30,"normal","cv","t_interval",NA,NA,NA,NA,NA,10000,NA
40,"normal","cv","percentile",0.9039,0.193181397049318,0.0459050193595871,0.9893,0.9146,10000,0.00294728332536931
40,"normal","cv","basic",0.9205,0.193181397049318,0.0459050193595871,0.9879,0.9326,10000,0.00270517559504
40,"normal","cv","normal",0.9141,0.194528023909072,0.0463750817342746,0.9898,0.9243,10000,0.00280216327147438
40,"normal","cv","bca",0.921777599034788,0.208648827634712,0.057588160443001,0.965111602654333,0.956665996380454,10000,0.00268521241156914
40,"normal","cv","t_interval",NA,NA,NA,NA,NA,10000,NA
50,"normal","cv","percentile",0.9137,0.17339738315499,0.0364540808294134,0.9866,0.9271,10000,0.00280806534824245
50,"normal","cv","basic",0.925,0.17339738315499,0.0364540808294134,0.9865,0.9385,10000,0.00263391343821318
50,"normal","cv","normal",0.9212,0.174539526005156,0.0368109818112203,0.9872,0.934,10000,0.00269426353573662
50,"normal","cv","bca",0.929745439967929,0.185535441611713,0.0448287410632507,0.966426137502506,0.963319302465424,10000,0.00255575540353084
50,"normal","cv","t_interval",NA,NA,NA,NA,NA,10000,NA
100,"normal","cv","percentile",0.931,0.124744669211887,0.0191345132445325,0.9865,0.9445,10000,0.00253454137863243
100,"normal","cv","basic",0.935,0.124744669211887,0.0191345132445325,0.9856,0.9494,10000,0.00246525860712421
100,"normal","cv","normal",0.9351,0.125357942094877,0.0191437197228062,0.9869,0.9482,10000,0.00246349325146224
100,"normal","cv","bca",0.940888177635527,0.130171220981097,0.0219721199048425,0.970694138827766,0.970194038807762,10000,0.00235833871234019
100,"normal","cv","t_interval",NA,NA,NA,NA,NA,10000,NA
200,"normal","cv","percentile",0.9339,0.0887030839210807,0.00998635113863525,0.9855,0.9484,10000,0.00248456817173528
200,"normal","cv","basic",0.9381,0.0887030839210807,0.00998635113863525,0.9857,0.9524,10000,0.00240973836754117
200,"normal","cv","normal",0.9375,0.0891273124226828,0.0098730250001732,0.986,0.9515,10000,0.00242061459137964
200,"normal","cv","bca",0.9426,0.0911825444098674,0.0109354351127612,0.9725,0.9701,10000,0.00232605330979322
200,"normal","cv","t_interval",NA,NA,NA,NA,NA,10000,NA
20,"chisq","mean","percentile",0.917,3.70779016464426,0.749177950770649,0.9718,0.9452,10000,0.00275882221246676
20,"chisq","mean","basic",0.9136,3.70779016464426,0.749177950770649,0.9788,0.9348,10000,0.00280953804031908
20,"chisq","mean","normal",0.9198,3.73345504141258,0.752500995740928,0.9769,0.9429,10000,0.00271602577307359
20,"chisq","mean","bca",0.919,3.80835405282625,0.815573909428813,0.9667,0.9523,10000,0.00272835115042034
20,"chisq","mean","t_interval",0.9417,4.09081141454229,0.818054836648162,0.9865,0.9552,10000,0.00234309858947506
30,"chisq","mean","percentile",0.9295,3.08856167765384,0.512701979743189,0.9762,0.9533,10000,0.00255987792677698
30,"chisq","mean","basic",0.9254,3.08856167765384,0.512701979743189,0.9805,0.9449,10000,0.00262744819168714
30,"chisq","mean","normal",0.9304,3.10630509016522,0.51273344439182,0.9798,0.9506,10000,0.00254471688012635
30,"chisq","mean","bca",0.933,3.15670809277354,0.552493870145153,0.9705,0.9625,10000,0.00250021999032085
30,"chisq","mean","t_interval",0.9439,3.29704149902935,0.539328787058488,0.9855,0.9584,10000,0.00230114732253283
40,"chisq","mean","percentile",0.9358,2.69868372845251,0.386002422372812,0.974,0.9618,10000,0.00245108873768373
40,"chisq","mean","basic",0.9349,2.69868372845251,0.386002422372812,0.981,0.9539,10000,0.00246702229418382
40,"chisq","mean","normal",0.9374,2.71315257559239,0.384069569538768,0.9786,0.9588,10000,0.00242242110294639
40,"chisq","mean","bca",0.9387,2.74999059652235,0.409753517233678,0.9699,0.9688,10000,0.00239879782391097
40,"chisq","mean","t_interval",0.9486,2.83624961266812,0.395840411797359,0.9842,0.9644,10000,0.00220812227922278
50,"chisq","mean","percentile",0.9368,2.41787245961128,0.311947811918015,0.975,0.9618,10000,0.00243322337651108
50,"chisq","mean","basic",0.9382,2.41787245961128,0.311947811918015,0.9817,0.9565,10000,0.00240791943386817
50,"chisq","mean","normal",0.9388,2.43016463518262,0.30991192988469,0.979,0.9598,10000,0.00239696808489392
50,"chisq","mean","bca",0.9382,2.45895575990342,0.329557994921108,0.9693,0.9689,10000,0.00240791943386817
50,"chisq","mean","t_interval",0.9484,2.51857442459448,0.316072718085848,0.9833,0.9651,10000,0.00221218082443547
100,"chisq","mean","percentile",0.9434,1.72702431003232,0.163477030119015,0.9796,0.9638,10000,0.00231076697224103
100,"chisq","mean","basic",0.9405,1.72702431003232,0.163477030119015,0.9823,0.9582,10000,0.00236558132390328
100,"chisq","mean","normal",0.9445,1.73539103982126,0.160993430712583,0.9819,0.9626,10000,0.0022895359791888
100,"chisq","mean","bca",0.946,1.74897598590309,0.168696202421319,0.9759,0.9701,10000,0.00226017698422048
100,"chisq","mean","t_interval",0.9488,1.7662804228017,0.158450968795752,0.9836,0.9652,10000,0.00220405444578849
200,"chisq","mean","percentile",0.9428,1.2277978727806,0.0863358712900271,0.977,0.9658,10000,0.00232224374259034
200,"chisq","mean","basic",0.9426,1.2277978727806,0.0863358712900271,0.98,0.9626,10000,0.00232605330979322
200,"chisq","mean","normal",0.9441,1.23320633989196,0.0831355637875691,0.9796,0.9645,10000,0.00229728513685176
200,"chisq","mean","bca",0.9441,1.2405507332426,0.0881861262266604,0.9737,0.9704,10000,0.00229728513685176
200,"chisq","mean","t_interval",0.9458,1.24414759181664,0.0788723324717068,0.9806,0.9652,10000,0.00226411925480969
20,"chisq","sd","percentile",0.7372,2.71960657704184,1.0571902029008,0.7446,0.9926,10000,0.00440154700077143
20,"chisq","sd","basic",0.4691,2.71960657704184,1.0571902029008,0.4717,0.9974,10000,0.00499044276592769
20,"chisq","sd","normal",0.6304,2.79949613744396,1.19235385738462,0.6344,0.996,10000,0.00482696426338543
20,"chisq","sd","bca",0.472868217054264,2.55119244184297,0.881894138706637,0.476326774001193,0.996541443053071,10000,0.00499263323662159
20,"chisq","sd","t_interval",NA,NA,NA,NA,NA,10000,NA
30,"chisq","sd","percentile",0.5564,2.35259239434666,0.826975676975266,0.558,0.9984,10000,0.00496808856603825
30,"chisq","sd","basic",0.3622,2.35259239434666,0.826975676975266,0.3631,0.9991,10000,0.00480636203380478
30,"chisq","sd","normal",0.4727,2.4032622484997,0.90934351983934,0.474,0.9987,10000,0.00499254153713317
30,"chisq","sd","bca",0.315042678195322,2.31799794968315,0.747203312822507,0.316040350293759,0.999002327901563,10000,0.00464532871937865
30,"chisq","sd","t_interval",NA,NA,NA,NA,NA,10000,NA
40,"chisq","sd","percentile",0.3969,2.09024394506115,0.675937652151576,0.3975,0.9994,10000,0.00489254933546919
40,"chisq","sd","basic",0.263,2.09024394506115,0.675937652151576,0.2635,0.9995,10000,0.00440262421744123
40,"chisq","sd","normal",0.3376,2.12705082254687,0.726777078292399,0.3381,0.9995,10000,0.00472891361731212
40,"chisq","sd","bca",0.202777777777778,2.12267050533988,0.677318285663221,0.203205128205128,0.99957264957265,10000,0.00402068340729886
40,"chisq","sd","t_interval",NA,NA,NA,NA,NA,10000,NA
50,"chisq","sd","percentile",0.2724,1.92421018064962,0.588242164718016,0.2724,1,10000,0.00445194609131782
50,"chisq","sd","basic",0.1899,1.92421018064962,0.588242164718016,0.1899,1,10000,0.00392221863235593
50,"chisq","sd","normal",0.2373,1.95396613266393,0.624764187530887,0.2373,1,10000,0.00425427678930274
50,"chisq","sd","bca",0.133256205300799,1.97912617278334,0.613983621953285,0.133256205300799,1,10000,0.00339851422020904
50,"chisq","sd","t_interval",NA,NA,NA,NA,NA,10000,NA
100,"chisq","sd","percentile",0.0344,1.4344197986183,0.359232452712226,0.0344,1,10000,0.0018225432779498
100,"chisq","sd","basic",0.0282,1.4344197986183,0.359232452712226,0.0282,1,10000,0.00165543831053893
100,"chisq","sd","normal",0.0326,1.44857768294078,0.373726986709476,0.0326,1,10000,0.00177587274318854
100,"chisq","sd","bca",0.0127375657096644,1.50607162107016,0.409900366323191,0.0127375657096644,1,10000,0.00112139734837641
100,"chisq","sd","t_interval",NA,NA,NA,NA,NA,10000,NA
200,"chisq","sd","percentile",2e-04,1.05407710815556,0.212631614535346,2e-04,1,10000,0.000141407213394508
200,"chisq","sd","basic",3e-04,1.05407710815556,0.212631614535346,3e-04,1,10000,0.000173179098045925
200,"chisq","sd","normal",3e-04,1.06157392914307,0.217601284816792,3e-04,1,10000,0.000173179098045925
200,"chisq","sd","bca",0,1.10258184233897,0.25472471236443,0,1,10000,0
200,"chisq","sd","t_interval",NA,NA,NA,NA,NA,10000,NA
20,"exponential","mean","percentile",0.905,4.04825756840938,1.20392541878153,0.982,0.923,10000,0.00293214938227915
20,"exponential","mean","basic",0.8852,4.04825756840938,1.20392541878153,0.9902,0.895,10000,0.00318780425998837
20,"exponential","mean","normal",0.8994,4.09595938151659,1.22779070000294,0.988,0.9114,10000,0.00300798337761365
20,"exponential","mean","bca",0.918710581639804,4.34579413610104,1.46194854510913,0.972469716688357,0.946240864951447,10000,0.00273279067663181
20,"exponential","mean","t_interval",0.922,4.48982496967021,1.33933711960191,0.9935,0.9285,10000,0.00268171586861845
30,"exponential","mean","percentile",0.9145,3.38128457526378,0.843575610145393,0.9825,0.932,10000,0.0027962430151902
30,"exponential","mean","basic",0.9023,3.38128457526378,0.843575610145393,0.9908,0.9115,10000,0.00296908588626197
30,"exponential","mean","normal",0.9133,3.41152157313426,0.85463839232913,0.9886,0.9247,10000,0.0028139493598855
30,"exponential","mean","bca",0.921368547418968,3.58015177506237,0.992408287508777,0.970588235294118,0.95078031212485,10000,0.00269162678033247
30,"exponential","mean","t_interval",0.9262,3.61997187215375,0.90286504161034,0.9922,0.934,10000,0.00261445137648418
40,"exponential","mean","percentile",0.9197,2.97626768026337,0.645800941821545,0.9809,0.9388,10000,0.00271757079024632
40,"exponential","mean","basic",0.9084,2.97626768026337,0.645800941821545,0.9878,0.9206,10000,0.00288460465228773
40,"exponential","mean","normal",0.9176,2.99765247265555,0.651605003229964,0.9859,0.9317,10000,0.00274973162326799
40,"exponential","mean","bca",0.928285657131426,3.12299957775434,0.744589386912145,0.970194038807762,0.958091618323665,10000,0.00258014332732704
40,"exponential","mean","t_interval",0.9276,3.13286251980825,0.677390945410674,0.9886,0.939,10000,0.00259149069070294
50,"exponential","mean","percentile",0.9316,2.67587436657345,0.518942400455189,0.9844,0.9472,10000,0.00252431059895568
50,"exponential","mean","basic",0.9196,2.67587436657345,0.518942400455189,0.9905,0.9291,10000,0.00271911456176455
50,"exponential","mean","normal",0.9276,2.69470531255686,0.522452007314559,0.9882,0.9394,10000,0.00259149069070294
50,"exponential","mean","bca",0.939193919391939,2.79173046949161,0.591617662271014,0.974897489748975,0.964296429642964,10000,0.0023897426884321
50,"exponential","mean","t_interval",0.9377,2.79097187880967,0.536963381859579,0.9915,0.9462,10000,0.0024169962763728
100,"exponential","mean","percentile",0.9369,1.92379999904257,0.274216655295482,0.9812,0.9557,10000,0.00243142735856945
100,"exponential","mean","basic",0.9308,1.92379999904257,0.274216655295482,0.988,0.9428,10000,0.00253793932157568
100,"exponential","mean","normal",0.9376,1.93502270164763,0.274046411082403,0.9861,0.9515,10000,0.00241880631717382
100,"exponential","mean","bca",0.9412,1.97705796810346,0.297544409681868,0.9728,0.9684,10000,0.00235249994686504
100,"exponential","mean","t_interval",0.9425,1.96924213204064,0.275798596503095,0.9878,0.9547,10000,0.00232795511125107
200,"exponential","mean","percentile",0.9407,1.36961650789547,0.140731943983347,0.977,0.9637,10000,0.00236185329773041
200,"exponential","mean","basic",0.9379,1.36961650789547,0.140731943983347,0.9827,0.9552,10000,0.00241337087908179
200,"exponential","mean","normal",0.9413,1.37643023310837,0.138881672832477,0.9807,0.9606,10000,0.00235062353429893
200,"exponential","mean","bca",0.9453,1.39517763863853,0.147884390485587,0.9711,0.9742,10000,0.00227393733422889
200,"exponential","mean","t_interval",0.9436,1.38899584506536,0.137000989195639,0.9818,0.9618,10000,0.0023069252263565
20,"exponential","median","percentile",0.9436,4.29188422590098,1.49073650760748,0.9728,0.9708,10000,0.0023069252263565
20,"exponential","median","basic",0.8019,4.29188422590098,1.49073650760748,0.9466,0.8553,10000,0.00398567923947726
20,"exponential","median","normal",0.933,4.54911552595647,1.623320742873,0.9761,0.9569,10000,0.00250021999032085
20,"exponential","median","bca",0.9426,4.23032214530997,1.45193569396083,0.9802,0.9624,10000,0.00232605330979322
20,"exponential","median","t_interval",NA,NA,NA,NA,NA,10000,NA
30,"exponential","median","percentile",0.9413,3.54042203790277,1.10560888923162,0.9673,0.974,10000,0.00235062353429893
30,"exponential","median","basic",0.8252,3.54042203790277,1.10560888923162,0.9509,0.8743,10000,0.00379795945212689
30,"exponential","median","normal",0.9332,3.71295668973699,1.19422963097974,0.9751,0.9581,10000,0.00249675309151706
30,"exponential","median","bca",0.9429,3.50763705059035,1.08604079423222,0.9772,0.9657,10000,0.00232033596705305
30,"exponential","median","t_interval",NA,NA,NA,NA,NA,10000,NA
40,"exponential","median","percentile",0.9449,3.06385894641178,0.865737614728263,0.9726,0.9723,10000,0.00228175349238256
40,"exponential","median","basic",0.8385,3.06385894641178,0.865737614728263,0.9508,0.8877,10000,0.00367991508054194
40,"exponential","median","normal",0.9344,3.17697260335388,0.940126651584237,0.9764,0.958,10000,0.00247581582513724
40,"exponential","median","bca",0.9464,3.02708955318042,0.855199766766593,0.9807,0.9657,10000,0.0022522664140816
40,"exponential","median","t_interval",NA,NA,NA,NA,NA,10000,NA
50,"exponential","median","percentile",0.9482,2.75617891660067,0.747437344907746,0.9743,0.9739,10000,0.00221623013245466
50,"exponential","median","basic",0.8479,2.75617891660067,0.747437344907746,0.95,0.8979,10000,0.00359117794045352
50,"exponential","median","normal",0.937,2.85394214797203,0.807964363830587,0.976,0.961,10000,0.00242962960140018
50,"exponential","median","bca",0.9478,2.72598068983156,0.739517721690373,0.9808,0.967,10000,0.00222430123859157
50,"exponential","median","t_interval",NA,NA,NA,NA,NA,10000,NA
100,"exponential","median","percentile",0.9478,1.94734964474819,0.44815489718672,0.9742,0.9736,10000,0.00222430123859157
100,"exponential","median","basic",0.8736,1.94734964474819,0.44815489718672,0.9589,0.9147,10000,0.00332299623833672
100,"exponential","median","normal",0.9391,2.00076001408505,0.482303751781781,0.9765,0.9626,10000,0.00239146795922504
100,"exponential","median","bca",0.9478,1.94781115812485,0.445588006044437,0.9793,0.9685,10000,0.00222430123859157
100,"exponential","median","t_interval",NA,NA,NA,NA,NA,10000,NA
200,"exponential","median","percentile",0.9431,1.37837808373211,0.264245790030286,0.9709,0.9722,10000,0.00231651440746653
200,"exponential","median","basic",0.8907,1.37837808373211,0.264245790030286,0.9604,0.9303,10000,0.00312015240012407
200,"exponential","median","normal",0.9363,1.41046778404536,0.283262593639004,0.9728,0.9635,10000,0.00244217751197574
200,"exponential","median","bca",0.9458,1.38521398767434,0.264323555020561,0.9763,0.9695,10000,0.00226411925480969
200,"exponential","median","t_interval",NA,NA,NA,NA,NA,10000,NA
20,"exponential","sd","percentile",0.7007,3.78858312515906,2.00530499879244,0.9974,0.7033,10000,0.00457951427555369
20,"exponential","sd","basic",0.7521,3.78858312515906,2.00530499879245,0.9607,0.7914,10000,0.00431793457569704
20,"exponential","sd","normal",0.7484,4.00661792937371,2.34417614895751,0.99,0.7584,10000,0.00433932529317635
20,"exponential","sd","bca",0.699280791129757,3.21265799918516,1.61977042502914,0.976625711717111,0.722655079412646,10000,0.00458570786560481
20,"exponential","sd","t_interval",NA,NA,NA,NA,NA,10000,NA
30,"exponential","sd","percentile",0.7541,3.41893526802335,1.62829782606655,0.997,0.7571,10000,0.00430619542055397
30,"exponential","sd","basic",0.7919,3.41893526802335,1.62829782606655,0.9742,0.8177,10000,0.00405948752923322
30,"exponential","sd","normal",0.7869,3.57102268763391,1.8554798223173,0.9915,0.7954,10000,0.00409497728931431
30,"exponential","sd","bca",0.765934797072522,3.1155160381773,1.40752677235596,0.976713240186294,0.789221556886228,10000,0.0042341313596297
30,"exponential","sd","t_interval",NA,NA,NA,NA,NA,10000,NA
40,"exponential","sd","percentile",0.786,3.13330229219592,1.36027756206748,0.9972,0.7888,10000,0.00410126809657696
40,"exponential","sd","basic",0.8211,3.13330229219592,1.36027756206748,0.9828,0.8383,10000,0.00383268561194367
40,"exponential","sd","normal",0.8127,3.24415775261218,1.52857395096003,0.9935,0.8192,10000,0.00390152162623764
40,"exponential","sd","bca",0.8155517578125,2.99405595402475,1.23607444468265,0.979248046875,0.8363037109375,10000,0.00387849311126681
40,"exponential","sd","t_interval",NA,NA,NA,NA,NA,10000,NA
50,"exponential","sd","percentile",0.8078,2.95740566424367,1.24190637480997,0.9955,0.8123,10000,0.00394029389766804
50,"exponential","sd","basic",0.8354,2.95740566424367,1.24190637480997,0.9818,0.8536,10000,0.00370819147294203
50,"exponential","sd","normal",0.8292,3.04881316144656,1.38727241649681,0.9917,0.8375,10000,0.00376334106878449
50,"exponential","sd","bca",0.83930446959972,2.89624769653853,1.15297232741461,0.976543353950286,0.862761115649434,10000,0.00367249883471258
50,"exponential","sd","t_interval",NA,NA,NA,NA,NA,10000,NA
100,"exponential","sd","percentile",0.8561,2.30335886370466,0.804067690937391,0.994,0.8621,10000,0.0035098830464846
100,"exponential","sd","basic",0.8709,2.30335886370466,0.804067690937391,0.9871,0.8838,10000,0.003353105873664
100,"exponential","sd","normal",0.8675,2.34556929512307,0.862790327071845,0.9919,0.8756,10000,0.00339033552911802
100,"exponential","sd","bca",0.883664154548349,2.39555634233748,0.85488089891265,0.973251247213672,0.910412907334678,10000,0.00320627223601958
100,"exponential","sd","t_interval",NA,NA,NA,NA,NA,10000,NA
200,"exponential","sd","percentile",0.8978,1.75533777473269,0.502871146506137,0.9926,0.9052,10000,0.00302911142086256
200,"exponential","sd","basic",0.904,1.75533777473269,0.502871146506137,0.9897,0.9143,10000,0.00294591242232351
200,"exponential","sd","normal",0.9042,1.77591603453538,0.526030517176628,0.9929,0.9113,10000,0.00294316768125773
200,"exponential","sd","bca",0.918022782750203,1.86100771454979,0.584366027045112,0.973962571196094,0.944060211554109,10000,0.00274330007658251
200,"exponential","sd","t_interval",NA,NA,NA,NA,NA,10000,NA
20,"exponential","cv","percentile",0.8404,0.59772097574865,0.168344114770345,0.9989,0.8415,10000,0.00366234678860427
20,"exponential","cv","basic",0.8299,0.59772097574865,0.168344114770345,0.9673,0.8626,10000,0.00375720627594493
20,"exponential","cv","normal",0.8534,0.608187335354868,0.193143376524705,0.9972,0.8562,10000,0.00353706714666261
20,"exponential","cv","bca",0.901317904210865,0.616604885569086,0.158602793100853,0.984785170898961,0.916532733311904,10000,0.00298234705827138
20,"exponential","cv","t_interval",NA,NA,NA,NA,NA,10000,NA
30,"exponential","cv","percentile",0.8573,0.509284260401438,0.14459468033051,0.9982,0.8591,10000,0.00349766650783061
30,"exponential","cv","basic",0.846,0.509284260401438,0.14459468033051,0.9678,0.8782,10000,0.00360948749824681
30,"exponential","cv","normal",0.8666,0.519432033975143,0.168384092401724,0.9949,0.8717,10000,0.0034000652934907
30,"exponential","cv","bca",0.905086144640462,0.528461302676045,0.144453766082538,0.980398225523574,0.924687919116889,10000,0.00293095915052268
30,"exponential","cv","t_interval",NA,NA,NA,NA,NA,10000,NA
40,"exponential","cv","percentile",0.8632,0.454748801711073,0.125112845780313,0.9954,0.8678,10000,0.00343636086579975
40,"exponential","cv","basic",0.8532,0.454748801711073,0.125112845780313,0.969,0.8842,10000,0.00353906428311213
40,"exponential","cv","normal",0.8692,0.462850647854389,0.14343655323828,0.9906,0.8786,10000,0.00337181494154113
40,"exponential","cv","bca",0.899755750050885,0.474097389093897,0.132052820170839,0.977610421331162,0.922145328719723,10000,0.00300325390703573
40,"exponential","cv","t_interval",NA,NA,NA,NA,NA,10000,NA
50,"exponential","cv","percentile",0.8664,0.420141880479626,0.119219040379915,0.9956,0.8708,10000,0.00340222045141111
50,"exponential","cv","basic",0.854,0.420141880479626,0.119219040379915,0.9695,0.8845,10000,0.00353106216314582
50,"exponential","cv","normal",0.8682,0.427976183711806,0.135761065449372,0.9897,0.8785,10000,0.00338273203195287
50,"exponential","cv","bca",0.892335766423358,0.439299564041736,0.129687760918597,0.973540145985402,0.918795620437956,10000,0.00309955878126221
50,"exponential","cv","t_interval",NA,NA,NA,NA,NA,10000,NA
100,"exponential","cv","percentile",0.8874,0.320336153873119,0.0904521352534189,0.9921,0.8953,10000,0.00316103210992865
100,"exponential","cv","basic",0.8805,0.320336153873119,0.0904521352534189,0.9757,0.9048,10000,0.00324375939304998
100,"exponential","cv","normal",0.8887,0.325452679322886,0.101020695497974,0.9878,0.9009,10000,0.00314503275022693
100,"exponential","cv","bca",0.906085725839062,0.334249208467655,0.101537663234114,0.973412858875859,0.932672866963203,10000,0.00291709415805802
100,"exponential","cv","t_interval",NA,NA,NA,NA,NA,10000,NA
200,"exponential","cv","percentile",0.9098,0.241812691455999,0.0631652140614381,0.9908,0.919,10000,0.00286468078500904
200,"exponential","cv","basic",0.9049,0.241812691455999,0.0631652140614381,0.9819,0.923,10000,0.00293353012597451
200,"exponential","cv","normal",0.9102,0.244785832257557,0.0679367521586956,0.9883,0.9219,10000,0.00285895015696322
200,"exponential","cv","bca",0.920829975825947,0.252675259058823,0.0729766255525179,0.97411361804996,0.946716357775987,10000,0.00270003947093988
200,"exponential","cv","t_interval",NA,NA,NA,NA,NA,10000,NA
20,"t","mean","percentile",0.9201,1.05896031174234,0.261144677288883,0.961,0.9591,10000,0.00271138322632563
20,"t","mean","basic",0.933,1.05896031174234,0.261144677288883,0.9662,0.9668,10000,0.00250021999032085
20,"t","mean","normal",0.9307,1.06529467558435,0.263981311454619,0.9657,0.965,10000,0.00253963599753981
20,"t","mean","bca",0.9086,1.09041717481092,0.299421711608446,0.9545,0.9541,10000,0.00288177098326706
20,"t","mean","t_interval",0.952,1.16787376678024,0.288252279798661,0.9762,0.9758,10000,0.00213766227454198
30,"t","mean","percentile",0.9332,0.884476658703447,0.184575074067766,0.967,0.9662,10000,0.00249675309151706
30,"t","mean","basic",0.9441,0.884476658703447,0.184575074067766,0.9725,0.9716,10000,0.00229728513685176
30,"t","mean","normal",0.9411,0.888590075723086,0.185526463609037,0.9708,0.9703,10000,0.00235437443920885
30,"t","mean","bca",0.924292429242924,0.90521412731546,0.208643161065301,0.962296229622962,0.961996199619962,10000,0.00264529647652466
30,"t","mean","t_interval",0.9549,0.943216134777548,0.19574590261871,0.9773,0.9776,10000,0.00207523468552354
40,"t","mean","percentile",0.931,0.773079713353541,0.144045784551049,0.9658,0.9652,10000,0.00253454137863243
40,"t","mean","basic",0.9409,0.773079713353541,0.144045784551049,0.9698,0.9711,10000,0.00235811768154179
40,"t","mean","normal",0.9385,0.776657001384185,0.144336827034312,0.9694,0.9691,10000,0.00240245187256686
40,"t","mean","bca",0.9229,0.788278164859745,0.161552536400059,0.9615,0.9614,10000,0.00266750051546387
40,"t","mean","t_interval",0.9506,0.811877189985707,0.14937952362598,0.9753,0.9753,10000,0.0021670173049609
50,"t","mean","percentile",0.9384,0.696432743172957,0.120750126788523,0.9699,0.9685,10000,0.00240427619045733
50,"t","mean","basic",0.9475,0.696432743172957,0.120750126788523,0.9739,0.9736,10000,0.00223033069296909
50,"t","mean","normal",0.9468,0.699571777194738,0.121672709098894,0.9739,0.9729,10000,0.00224432083267968
50,"t","mean","bca",0.928585717143429,0.708367805583467,0.131563430151148,0.964892978595719,0.96369273854771,10000,0.00257515597703621
50,"t","mean","t_interval",0.9535,0.724761891206024,0.125346538731694,0.9776,0.9759,10000,0.00210565310533335
100,"t","mean","percentile",0.9469,0.496583156142523,0.0615218047708487,0.9732,0.9737,10000,0.0022423289232403
100,"t","mean","basic",0.9516,0.496583156142523,0.0615218047708487,0.9751,0.9765,10000,0.00214609971809327
100,"t","mean","normal",0.9505,0.498657927539199,0.0609827316969878,0.9754,0.9751,10000,0.00216909543358516
100,"t","mean","bca",0.9427,0.5028178797502,0.0660230099134731,0.9718,0.9709,10000,0.00232414952186816
100,"t","mean","t_interval",0.9549,0.507533724950019,0.0610754194982317,0.977,0.9779,10000,0.00207523468552354
200,"t","mean","percentile",0.9456,0.354359026703742,0.0334067424944417,0.9705,0.9751,10000,0.00226805290943576
200,"t","mean","basic",0.9483,0.354359026703742,0.0334067424944417,0.9725,0.9758,10000,0.00221420662992414
200,"t","mean","normal",0.9495,0.355728398449918,0.0325498601295777,0.9731,0.9764,10000,0.00218974313562116
200,"t","mean","bca",0.9439,0.357895308261002,0.0353291069055364,0.9698,0.9741,10000,0.00230114732253283
200,"t","mean","t_interval",0.9511,0.358838012388131,0.0320765114804477,0.9737,0.9774,10000,0.00215658966889856
20,"t","median","percentile",0.939,1.1305418985697,0.326010603271424,0.9711,0.9679,10000,0.00239330315672712
20,"t","median","basic",0.8404,1.1305418985697,0.326010603271424,0.9205,0.9199,10000,0.00366234678860427
20,"t","median","normal",0.9375,1.18325427083706,0.355511217092118,0.9692,0.9683,10000,0.00242061459137964
20,"t","median","bca",0.9377,1.15795571752168,0.334163786952382,0.9802,0.9575,10000,0.0024169962763728
20,"t","median","t_interval",NA,NA,NA,NA,NA,10000,NA
30,"t","median","percentile",0.9379,0.927638455767286,0.249950667362601,0.9697,0.9682,10000,0.00241337087908179
30,"t","median","basic",0.8501,0.927638455767286,0.249950667362601,0.9244,0.9257,10000,0.00356973374357248
30,"t","median","normal",0.9353,0.965405662508786,0.272388459321191,0.9677,0.9676,10000,0.00245995751995842
30,"t","median","bca",0.9383,0.944695250326827,0.25363971056718,0.9783,0.96,10000,0.0024060987095296
30,"t","median","t_interval",NA,NA,NA,NA,NA,10000,NA
40,"t","median","percentile",0.9461,0.815165923137707,0.202176385510406,0.9724,0.9737,10000,0.00225820260384227
40,"t","median","basic",0.8611,0.815165923137707,0.202176385510406,0.9317,0.9294,10000,0.00345842146072453
40,"t","median","normal",0.9392,0.841259951341264,0.220454090720118,0.9696,0.9696,10000,0.00238963093384732
40,"t","median","bca",0.9431,0.822021815800352,0.204549884042974,0.9782,0.9649,10000,0.00231651440746653
40,"t","median","t_interval",NA,NA,NA,NA,NA,10000,NA
50,"t","median","percentile",0.9455,0.72645646781148,0.172459482212133,0.9757,0.9698,10000,0.00227001651976368
50,"t","median","basic",0.8745,0.72645646781148,0.172459482212133,0.9397,0.9348,10000,0.00331284998151139
50,"t","median","normal",0.9388,0.745710987426306,0.186084928956039,0.9704,0.9684,10000,0.00239696808489392
50,"t","median","bca",0.948,0.730654373156648,0.173092979511802,0.9836,0.9644,10000,0.00222027025382047
50,"t","median","t_interval",NA,NA,NA,NA,NA,10000,NA
100,"t","median","percentile",0.9471,0.514951471907131,0.106956142195874,0.9732,0.9739,10000,0.00223833844625874
100,"t","median","basic",0.8823,0.514951471907131,0.106956142195874,0.9417,0.9406,10000,0.00322252556235013
100,"t","median","normal",0.9423,0.52656703691989,0.115835268880179,0.9716,0.9707,10000,0.00233175277420227
100,"t","median","bca",0.9479,0.519515966689438,0.107405422968754,0.979,0.9689,10000,0.00222228688517032
100,"t","median","t_interval",NA,NA,NA,NA,NA,10000,NA
200,"t","median","percentile",0.9494,0.362536795273336,0.0654503219032853,0.9723,0.9771,10000,0.00219179469841498
200,"t","median","basic",0.8996,0.362536795273336,0.0654503219032853,0.9473,0.9523,10000,0.00300532593906218
200,"t","median","normal",0.943,0.370293810754038,0.0705508196401746,0.9695,0.9735,10000,0.00231842619032826
200,"t","median","bca",0.9502,0.365737573404161,0.0658062157025631,0.9752,0.975,10000,0.00217531514958178
200,"t","median","t_interval",NA,NA,NA,NA,NA,10000,NA
20,"t","sd","percentile",0.7606,0.863589254354103,0.442239910063246,0.9984,0.7622,10000,0.0042671728345592
20,"t","sd","basic",0.8235,0.863589254354103,0.442239910063246,0.9792,0.8443,10000,0.00381244999967213
20,"t","sd","normal",0.8053,0.897407956254567,0.528693655335158,0.9936,0.8117,10000,0.00395969582165095
20,"t","sd","bca",0.812432626661876,0.811371072596321,0.324801116726461,0.977123008743562,0.835309617918314,10000,0.00390366307200251
20,"t","sd","t_interval",NA,NA,NA,NA,NA,10000,NA
30,"t","sd","percentile",0.799,0.764899521682678,0.370630116356586,0.9969,0.8021,10000,0.00400748050525514
30,"t","sd","basic",0.8425,0.764899521682678,0.370630116356586,0.9858,0.8567,10000,0.00364271533337427
30,"t","sd","normal",0.8291,0.790616181666227,0.434048858934235,0.9942,0.8349,10000,0.00376421558893749
30,"t","sd","bca",0.85088515660463,0.740466775028968,0.287231801820419,0.977871084884249,0.873014071720381,10000,0.0035620163794478
30,"t","sd","t_interval",NA,NA,NA,NA,NA,10000,NA
40,"t","sd","percentile",0.8243,0.697902104118579,0.313105145715816,0.9972,0.8271,10000,0.00380564725112562
40,"t","sd","basic",0.855,0.697902104118579,0.313105145715816,0.9881,0.8669,10000,0.00352100837829165
40,"t","sd","normal",0.8467,0.717633886210014,0.357645735729564,0.9942,0.8525,10000,0.00360276435532495
40,"t","sd","bca",0.865884696248755,0.691225575061578,0.259926219969237,0.976208918889012,0.889675777359743,10000,0.00340776156811119
40,"t","sd","t_interval",NA,NA,NA,NA,NA,10000,NA
50,"t","sd","percentile",0.8305,0.638519412735284,0.28201965433454,0.9952,0.8353,10000,0.00375192950360211
50,"t","sd","basic",0.8607,0.638519412735284,0.28201965433454,0.9894,0.8713,10000,0.00346259310344141
50,"t","sd","normal",0.8486,0.654926438749144,0.32260544962578,0.994,0.8546,10000,0.00358438335003387
50,"t","sd","bca",0.871647923875433,0.638173359172546,0.234290125510022,0.976967993079585,0.894679930795848,10000,0.00334481420528975
50,"t","sd","t_interval",NA,NA,NA,NA,NA,10000,NA
100,"t","sd","percentile",0.8724,0.497837368102336,0.210762409866116,0.9947,0.8777,10000,0.0033364388200595
100,"t","sd","basic",0.8857,0.497837368102336,0.210762409866116,0.9921,0.8936,10000,0.00318175281880915
100,"t","sd","normal",0.8816,0.508057022535991,0.242824618393237,0.9939,0.8877,10000,0.00323081166272502
100,"t","sd","bca",0.899853187919463,0.509417930740192,0.179738587743367,0.977348993288591,0.922504194630873,10000,0.00300195649719716
100,"t","sd","t_interval",NA,NA,NA,NA,NA,10000,NA
200,"t","sd","percentile",0.8917,0.379480936414718,0.148560939953932,0.9933,0.8984,10000,0.00310758925857327
200,"t","sd","basic",0.8986,0.379480936414718,0.148560939953932,0.9925,0.9061,10000,0.00301857648569653
200,"t","sd","normal",0.8977,0.385848312990592,0.167073602494961,0.9932,0.9045,10000,0.00303042422772786
200,"t","sd","bca",0.911616421442535,0.392636066045749,0.139218140591362,0.976026340158452,0.935590081284083,10000,0.00283851936049133
200,"t","sd","t_interval",NA,NA,NA,NA,NA,10000,NA
20,"lognormal","mean","percentile",0.9138,1.64496393347712,0.390764508204643,0.976,0.9378,10000,0.00280659152710187
20,"lognormal","mean","basic",0.9109,1.64496393347712,0.390764508204643,0.9844,0.9265,10000,0.00284888030636599
20,"lognormal","mean","normal",0.9146,1.65814903271633,0.396053543308659,0.9808,0.9338,10000,0.00279476009703874
20,"lognormal","mean","bca",0.9169,1.70948090757847,0.4557423369424,0.9665,0.9504,10000,0.00276033313206939
20,"lognormal","mean","t_interval",0.9392,1.81779624001323,0.432292506867727,0.9891,0.9501,10000,0.00238963093384732
30,"lognormal","mean","percentile",0.9297,1.3694713900962,0.264982299844831,0.9792,0.9505,10000,0.00255651931344162
30,"lognormal","mean","basic",0.925,1.3694713900962,0.264982299844831,0.9856,0.9394,10000,0.00263391343821318
30,"lognormal","mean","normal",0.9295,1.3780373280241,0.266882698863792,0.9829,0.9466,10000,0.00255987792677698
30,"lognormal","mean","bca",0.928492849284928,1.41205384320592,0.299156187612865,0.96979697969797,0.958695869586959,10000,0.00257670095493605
30,"lognormal","mean","t_interval",0.943,1.46271626311609,0.281240115555523,0.9887,0.9543,10000,0.00231842619032826
40,"lognormal","mean","percentile",0.9282,1.19408830387511,0.205073450102503,0.9782,0.95,10000,0.00258156464184029
40,"lognormal","mean","basic",0.9238,1.19408830387511,0.205073450102503,0.9841,0.9397,10000,0.00265317847119262
40,"lognormal","mean","normal",0.9281,1.20126060044685,0.2063834102641,0.9822,0.9459,10000,0.00258322259977726
40,"lognormal","mean","bca",0.9309,1.2261283178974,0.228763652966459,0.9704,0.9605,10000,0.0025362411162979
40,"lognormal","mean","t_interval",0.9386,1.25542735942324,0.213394054613217,0.9851,0.9535,10000,0.00240062575175724
50,"lognormal","mean","percentile",0.9334,1.07836202638443,0.166910215285922,0.98,0.9534,10000,0.00249327976769555
50,"lognormal","mean","basic",0.9307,1.07836202638443,0.166910215285922,0.9861,0.9446,10000,0.00253963599753981
50,"lognormal","mean","normal",0.9353,1.0844909537359,0.167412650888201,0.9844,0.9509,10000,0.00245995751995842
50,"lognormal","mean","bca",0.9364,1.1037340192883,0.183700991131713,0.9719,0.9645,10000,0.00244039013274517
50,"lognormal","mean","t_interval",0.9444,1.12342203187742,0.171389794543383,0.987,0.9574,10000,0.00229147637997864
100,"lognormal","mean","percentile",0.9416,0.770809394390193,0.0874210690018503,0.9797,0.9619,10000,0.00234498272914749
100,"lognormal","mean","basic",0.9381,0.770809394390193,0.0874210690018503,0.9845,0.9536,10000,0.00240973836754117
100,"lognormal","mean","normal",0.9409,0.774547715708527,0.0864238324479981,0.9822,0.9587,10000,0.00235811768154179
100,"lognormal","mean","bca",0.9408,0.783739005002704,0.0929707935722617,0.9727,0.9681,10000,0.00235998644063901
100,"lognormal","mean","t_interval",0.9467,0.788271708207411,0.0864001697574846,0.9851,0.9616,10000,0.00224631053062572
200,"lognormal","mean","percentile",0.9471,0.548487123027026,0.0455039092075272,0.9804,0.9667,10000,0.00223833844625874
200,"lognormal","mean","basic",0.9464,0.548487123027026,0.0455039092075272,0.9841,0.9623,10000,0.0022522664140816
200,"lognormal","mean","normal",0.9479,0.550924831340348,0.0444420301149514,0.9827,0.9652,10000,0.00222228688517032
200,"lognormal","mean","bca",0.9498,0.555394748650529,0.0472017550429633,0.9769,0.9729,10000,0.00218357413430367
200,"lognormal","mean","t_interval",0.9508,0.555884966144363,0.0431620530936304,0.9833,0.9675,10000,0.00216285367050108
20,"lognormal","median","percentile",0.9409,1.9031681779675,0.570662191827602,0.9691,0.9718,10000,0.00235811768154179
20,"lognormal","median","basic",0.8257,1.9031681779675,0.570662191827602,0.9333,0.8924,10000,0.00379367249508969
20,"lognormal","median","normal",0.9332,2.00229685753205,0.631672758547498,0.9713,0.9619,10000,0.00249675309151706
20,"lognormal","median","bca",0.9414,1.90850323065922,0.566252472892828,0.9795,0.9619,10000,0.00234874519690834
20,"lognormal","median","t_interval",NA,NA,NA,NA,NA,10000,NA
30,"lognormal","median","percentile",0.9404,1.56161018712046,0.435354215086793,0.9689,0.9715,10000,0.0023674425019417
30,"lognormal","median","basic",0.8312,1.56161018712046,0.435354215086793,0.9332,0.898,10000,0.00374575172695682
30,"lognormal","median","normal",0.9264,1.62893059503313,0.478348657224454,0.9667,0.9597,10000,0.00261118823526761
30,"lognormal","median","bca",0.9416,1.56902768744733,0.434085217618826,0.9785,0.9631,10000,0.00234498272914749
30,"lognormal","median","t_interval",NA,NA,NA,NA,NA,10000,NA
40,"lognormal","median","percentile",0.9416,1.36679124031248,0.354186337899244,0.9706,0.971,10000,0.00234498272914749
40,"lognormal","median","basic",0.8498,1.36679124031248,0.354186337899244,0.9424,0.9074,10000,0.00357267350873264
40,"lognormal","median","normal",0.935,1.41200851145182,0.382246104788633,0.9734,0.9616,10000,0.00246525860712421
40,"lognormal","median","bca",0.9417,1.36470498132783,0.353593709969282,0.9785,0.9632,10000,0.00234309858947506
40,"lognormal","median","t_interval",NA,NA,NA,NA,NA,10000,NA
50,"lognormal","median","percentile",0.9461,1.22796804992461,0.302818801807226,0.9749,0.9712,10000,0.00225820260384227
50,"lognormal","median","basic",0.8591,1.22796804992461,0.302818801807226,0.943,0.9161,10000,0.00347918366862113
50,"lognormal","median","normal",0.9383,1.26651563912987,0.330699193137096,0.9748,0.9635,10000,0.0024060987095296
50,"lognormal","median","bca",0.9434,1.2246316735107,0.301100271792279,0.9798,0.9636,10000,0.00231076697224103
50,"lognormal","median","t_interval",NA,NA,NA,NA,NA,10000,NA
100,"lognormal","median","percentile",0.9462,0.869995076127591,0.183168068390661,0.9749,0.9713,10000,0.00225622605250449
100,"lognormal","median","basic",0.8814,0.869995076127591,0.183168068390661,0.9516,0.9298,10000,0.00323317243585924
100,"lognormal","median","normal",0.9374,0.892033561692765,0.19907653587663,0.9724,0.965,10000,0.00242242110294639
100,"lognormal","median","bca",0.9463,0.874129501578856,0.183155051242331,0.9799,0.9664,10000,0.00225424732449658
100,"lognormal","median","t_interval",NA,NA,NA,NA,NA,10000,NA
200,"lognormal","median","percentile",0.9474,0.614890284032192,0.110159882307283,0.9745,0.9729,10000,0.00223233599621562
200,"lognormal","median","basic",0.897,0.614890284032192,0.110159882307283,0.9563,0.9407,10000,0.00303958878797774
200,"lognormal","median","normal",0.9414,0.627666466359376,0.117130573218611,0.9725,0.9689,10000,0.00234874519690834
200,"lognormal","median","bca",0.9499,0.619530844753762,0.109872233700582,0.9785,0.9714,10000,0.00218151300706643
200,"lognormal","median","t_interval",NA,NA,NA,NA,NA,10000,NA
20,"contaminated_normal","mean","percentile",0.9119,2.88980423362973,1.19187991403746,0.9563,0.9556,10000,0.00283440275895999
20,"contaminated_normal","mean","basic",0.9541,2.88980423362973,1.19187991403746,0.9775,0.9766,10000,0.00209268225012781
20,"contaminated_normal","mean","normal",0.9427,2.92375386461268,1.21633456485505,0.9723,0.9704,10000,0.00232414952186816
20,"contaminated_normal","mean","bca",0.864284280265007,3.1565042238934,1.47091048584321,0.931740614334471,0.932543665930536,10000,0.00342486442289043
20,"contaminated_normal","mean","t_interval",0.9653,3.20494752065258,1.33116096471449,0.9823,0.983,10000,0.00183018878807625
30,"contaminated_normal","mean","percentile",0.917,2.4426461996333,0.861753667634172,0.9599,0.9571,10000,0.00275882221246676
30,"contaminated_normal","mean","basic",0.957,2.4426461996333,0.861753667634172,0.9783,0.9787,10000,0.00202857092555326
30,"contaminated_normal","mean","normal",0.945,2.46013245401517,0.868875484183379,0.973,0.972,10000,0.0022798026230356
30,"contaminated_normal","mean","bca",0.874136377290478,2.6174977554455,1.01022252804682,0.938520076098929,0.935616301191549,10000,0.00331695600193848
30,"contaminated_normal","mean","t_interval",0.9611,2.61187728666877,0.921052669034147,0.9802,0.9809,10000,0.00193356639399841
40,"contaminated_normal","mean","percentile",0.9195,2.14506380698909,0.654083338638185,0.9572,0.9623,10000,0.00272065708974872
40,"contaminated_normal","mean","basic",0.958,2.14506380698909,0.654083338638185,0.978,0.98,10000,0.0020058913230781
40,"contaminated_normal","mean","normal",0.9446,2.1569011832021,0.657712042965843,0.9716,0.973,10000,0.00228759349535707
40,"contaminated_normal","mean","bca",0.87820256204964,2.26915567894569,0.747313694788932,0.936449159327462,0.941753402722178,10000,0.00327051711597858
40,"contaminated_normal","mean","t_interval",0.9567,2.25499113954351,0.684548821508628,0.9779,0.9788,10000,0.00203531594598971
50,"contaminated_normal","mean","percentile",0.9274,1.93771395134456,0.530324663423563,0.9646,0.9628,10000,0.0025947878525999
50,"contaminated_normal","mean","basic",0.9568,1.93771395134456,0.530324663423563,0.9796,0.9772,10000,0.00203307058411655
50,"contaminated_normal","mean","normal",0.9476,1.94593317365399,0.531164634063852,0.9755,0.9721,10000,0.00222832313635164
50,"contaminated_normal","mean","bca",0.888588858885889,2.02901230718533,0.588807175806178,0.944794479447945,0.943794379437944,10000,0.00314640586621884
50,"contaminated_normal","mean","t_interval",0.9564,2.01725940745941,0.548164242924969,0.9791,0.9773,10000,0.0020420342798298
100,"contaminated_normal","mean","percentile",0.9341,1.40740720593934,0.277710986254513,0.968,0.9661,10000,0.00248107214727827
100,"contaminated_normal","mean","basic",0.9549,1.40740720593934,0.277710986254513,0.9775,0.9774,10000,0.00207523468552354
100,"contaminated_normal","mean","normal",0.9468,1.41165592551362,0.276732411183581,0.9744,0.9724,10000,0.00224432083267968
100,"contaminated_normal","mean","bca",0.9119,1.44137969563454,0.290042177717895,0.9572,0.9547,10000,0.00283440275895999
100,"contaminated_normal","mean","t_interval",0.9509,1.43676012814233,0.279812010557533,0.9763,0.9746,10000,0.00216076815045021
200,"contaminated_normal","mean","percentile",0.9434,1.00769539343565,0.143991481121298,0.9702,0.9732,10000,0.00231076697224103
200,"contaminated_normal","mean","basic",0.9548,1.00769539343565,0.143991481121298,0.9756,0.9792,10000,0.00207742532958468
200,"contaminated_normal","mean","normal",0.9502,1.01086809421845,0.142804550591501,0.9733,0.9769,10000,0.00217531514958178
200,"contaminated_normal","mean","bca",0.929,1.02180999961807,0.146870597770166,0.9626,0.9664,10000,0.00256824843035093
200,"contaminated_normal","mean","t_interval",0.953,1.02001174181628,0.142378364026187,0.9747,0.9783,10000,0.00211638843315683
20,"contaminated_normal","median","percentile",0.9369,2.31824023089462,0.670143632377459,0.9709,0.966,10000,0.00243142735856945
20,"contaminated_normal","median","basic",0.8373,2.31824023089462,0.670143632377459,0.9204,0.9169,10000,0.00369091736564231
20,"contaminated_normal","median","normal",0.932,2.43162697821197,0.734264329973388,0.9664,0.9656,10000,0.00251745903640953
20,"contaminated_normal","median","bca",0.9356,2.37350728467664,0.686742547868948,0.9805,0.9551,10000,0.00245464131799332
20,"contaminated_normal","median","t_interval",NA,NA,NA,NA,NA,10000,NA
30,"contaminated_normal","median","percentile",0.9468,1.91324453562588,0.510873508578188,0.9756,0.9712,10000,0.00224432083267968
30,"contaminated_normal","median","basic",0.8536,1.91324453562588,0.510873508578188,0.9327,0.9209,10000,0.00353506775041158
30,"contaminated_normal","median","normal",0.939,1.99234891538994,0.555096154353289,0.9716,0.9674,10000,0.00239330315672712
30,"contaminated_normal","median","bca",0.9452,1.94688363523048,0.517168669866061,0.9836,0.9616,10000,0.0022758945494025
30,"contaminated_normal","median","t_interval",NA,NA,NA,NA,NA,10000,NA
40,"contaminated_normal","median","percentile",0.9474,1.66728002377237,0.416620030961537,0.9726,0.9748,10000,0.00223233599621562
40,"contaminated_normal","median","basic",0.8596,1.66728002377237,0.416620030961537,0.9296,0.93,10000,0.00347401554400668
40,"contaminated_normal","median","normal",0.9368,1.71972613259351,0.456444079309308,0.9683,0.9685,10000,0.00243322337651108
40,"contaminated_normal","median","bca",0.9476,1.68092731711937,0.419573771047172,0.9805,0.9671,10000,0.00222832313635164
40,"contaminated_normal","median","t_interval",NA,NA,NA,NA,NA,10000,NA
50,"contaminated_normal","median","percentile",0.946,1.49754904983448,0.356406448447822,0.9732,0.9728,10000,0.00226017698422048
50,"contaminated_normal","median","basic",0.8672,1.49754904983448,0.356406448447823,0.9339,0.9333,10000,0.00339358453556118
50,"contaminated_normal","median","normal",0.9403,1.53889137332005,0.388249628639904,0.9706,0.9697,10000,0.0023693017958884
50,"contaminated_normal","median","bca",0.945,1.50600211376488,0.357381661839105,0.9795,0.9655,10000,0.0022798026230356
50,"contaminated_normal","median","t_interval",NA,NA,NA,NA,NA,10000,NA
100,"contaminated_normal","median","percentile",0.9441,1.05394250324553,0.218353644113577,0.9729,0.9712,10000,0.00229728513685176
100,"contaminated_normal","median","basic",0.8789,1.05394250324553,0.218353644113577,0.9401,0.9388,10000,0.0032624345204157
100,"contaminated_normal","median","normal",0.9402,1.08082726776996,0.236979658589539,0.9728,0.9674,10000,0.00237115921017548
100,"contaminated_normal","median","bca",0.945,1.06302794402435,0.218883575568341,0.9776,0.9674,10000,0.0022798026230356
100,"contaminated_normal","median","t_interval",NA,NA,NA,NA,NA,10000,NA
200,"contaminated_normal","median","percentile",0.9485,0.750698828805001,0.1349130265881,0.9741,0.9744,10000,0.00221015270965605
200,"contaminated_normal","median","basic",0.9004,0.750698828805001,0.1349130265881,0.9492,0.9512,10000,0.00299465924605789
200,"contaminated_normal","median","normal",0.944,0.76665428757069,0.143718788170645,0.9724,0.9716,10000,0.00229921725811199
200,"contaminated_normal","median","bca",0.9495,0.757332599424038,0.135482688583747,0.9781,0.9714,10000,0.00218974313562116
200,"contaminated_normal","median","t_interval",NA,NA,NA,NA,NA,10000,NA
20,"contaminated_normal","sd","percentile",0.8436,3.2099319762605,2.15579270856208,0.8755,0.9681,10000,0.0036323413936468
20,"contaminated_normal","sd","basic",0.5841,3.2099319762605,2.15579270856208,0.6008,0.9833,10000,0.00492876444963644
20,"contaminated_normal","sd","normal",0.7748,3.51411205046823,2.52466295959387,0.7978,0.977,10000,0.00417713969122413
20,"contaminated_normal","sd","bca",0.629812438302073,2.62918013340991,2.06725895990037,0.653339914445541,0.976472523856532,10000,0.0048285477201957
20,"contaminated_normal","sd","t_interval",NA,NA,NA,NA,NA,10000,NA
30,"contaminated_normal","sd","percentile",0.7447,3.06150286728791,1.76695882657117,0.7566,0.9881,10000,0.00436029712290344
30,"contaminated_normal","sd","basic",0.5285,3.06150286728791,1.76695882657117,0.5354,0.9931,10000,0.00499187089175992
30,"contaminated_normal","sd","normal",0.6889,3.28366152599203,1.99924330588831,0.6972,0.9917,10000,0.0046294361427716
30,"contaminated_normal","sd","bca",0.461988304093567,2.77273850787085,1.80074806812711,0.470523154733681,0.991465149359886,10000,0.00498553017215137
30,"contaminated_normal","sd","t_interval",NA,NA,NA,NA,NA,10000,NA
40,"contaminated_normal","sd","percentile",0.6302,2.95663636572477,1.52695104076719,0.6349,0.9953,10000,0.00482750411703605
40,"contaminated_normal","sd","basic",0.4587,2.95663636572477,1.52695104076719,0.4615,0.9972,10000,0.00498291390654103
40,"contaminated_normal","sd","normal",0.5911,3.13191032759351,1.69458012311472,0.5946,0.9965,10000,0.00491630745580461
40,"contaminated_normal","sd","bca",0.324833209785026,2.87733750731151,1.61226351609516,0.32824314306894,0.996590066716086,10000,0.00468312497810792
40,"contaminated_normal","sd","t_interval",NA,NA,NA,NA,NA,10000,NA
50,"contaminated_normal","sd","percentile",0.516,2.84344913458954,1.33599077916942,0.5186,0.9974,10000,0.00499743934430424
50,"contaminated_normal","sd","basic",0.3896,2.84344913458954,1.33599077916942,0.3911,0.9985,10000,0.00487659553377149
50,"contaminated_normal","sd","normal",0.5036,2.98162501922955,1.46039661592804,0.5056,0.998,10000,0.00499987039832034
50,"contaminated_normal","sd","bca",0.226470179341026,2.87690477904898,1.41704394189838,0.227999443903795,0.998470735437231,10000,0.00418546816031695
50,"contaminated_normal","sd","t_interval",NA,NA,NA,NA,NA,10000,NA
100,"contaminated_normal","sd","percentile",0.1403,2.33791810561927,0.806926837190559,0.1403,1,10000,0.0034729801323935
100,"contaminated_normal","sd","basic",0.1371,2.33791810561927,0.806926837190559,0.1371,1,10000,0.00343952889215951
100,"contaminated_normal","sd","normal",0.1629,2.39034253571557,0.843196899364226,0.1629,1,10000,0.00369274410161332
100,"contaminated_normal","sd","bca",0.0371576111360575,2.50412810140127,0.875800852687118,0.0371576111360575,1,10000,0.00189147886773072
100,"contaminated_normal","sd","t_interval",NA,NA,NA,NA,NA,10000,NA
200,"contaminated_normal","sd","percentile",0.0039,1.81096014436783,0.453026820456711,0.0039,1,10000,0.000623280835578955
200,"contaminated_normal","sd","basic",0.0085,1.81096014436783,0.453026820456711,0.0085,1,10000,0.000918027777357526
200,"contaminated_normal","sd","normal",0.0082,1.83215188451222,0.463877936775116,0.0082,1,10000,0.000901818163489736
200,"contaminated_normal","sd","bca",0.000610935749923633,1.94447479020531,0.51186356553965,0.000610935749923633,1,10000,0.000247095630765317
200,"contaminated_normal","sd","t_interval",NA,NA,NA,NA,NA,10000,NA
20,"contaminated_normal","cv","percentile",0.8523,1.54264403201519,4.67087440315202,0.8843,0.968,10000,0.00354802353430752
20,"contaminated_normal","cv","basic",0.788,1.54264403201519,4.67087440315202,0.8081,0.9799,10000,0.00408724846320847
20,"contaminated_normal","cv","normal",0.873,23.8009627330032,576.543453936667,0.8975,0.9755,10000,0.00332972971876097
20,"contaminated_normal","cv","bca",0.670900055218112,6.08801089369838,34.5960810079455,0.690088348978465,0.980811706239647,10000,0.00469886338518632
20,"contaminated_normal","cv","t_interval",NA,NA,NA,NA,NA,10000,NA
30,"contaminated_normal","cv","percentile",0.7698,0.979524554209269,2.15715637120237,0.7811,0.9887,10000,0.00420960758266136
30,"contaminated_normal","cv","basic",0.7616,0.979524554209269,2.15715637120237,0.7698,0.9918,10000,0.00426104963594652
30,"contaminated_normal","cv","normal",0.8341,5.15718810873165,162.54052283463,0.8436,0.9905,10000,0.00371990846661581
30,"contaminated_normal","cv","bca",0.519972546328071,2.43491619466926,18.7018137201577,0.527247769389156,0.992724776938916,10000,0.00499600938142807
30,"contaminated_normal","cv","t_interval",NA,NA,NA,NA,NA,10000,NA
40,"contaminated_normal","cv","percentile",0.6521,0.788383405107479,0.759300403300938,0.6572,0.9949,10000,0.00476304094040771
40,"contaminated_normal","cv","basic",0.7138,0.788383405107479,0.759300403300938,0.7181,0.9957,10000,0.00451984026266416
40,"contaminated_normal","cv","normal",0.7617,1.24504476225612,13.1309474382509,0.7663,0.9954,10000,0.00426043554111548
40,"contaminated_normal","cv","bca",0.388035997882478,1.09601606884025,2.51811190585205,0.391476971942827,0.996559025939651,10000,0.00487302844471308
40,"contaminated_normal","cv","t_interval",NA,NA,NA,NA,NA,10000,NA
50,"contaminated_normal","cv","percentile",0.5486,0.716125563486303,0.543084454437373,0.5506,0.998,10000,0.00497632434634239
50,"contaminated_normal","cv","basic",0.6623,0.716125563486303,0.543084454437373,0.6641,0.9982,10000,0.00472925691837523
50,"contaminated_normal","cv","normal",0.6812,0.819464621495638,4.0391327354472,0.683,0.9982,10000,0.0046601133033436
50,"contaminated_normal","cv","bca",0.276185580259607,0.907862755079733,1.39488356616206,0.277470762112839,0.998714818146768,10000,0.00447109724247048
50,"contaminated_normal","cv","t_interval",NA,NA,NA,NA,NA,10000,NA
100,"contaminated_normal","cv","percentile",0.1697,0.541370579304551,0.247984383841565,0.1699,0.9998,10000,0.00375369031754086
100,"contaminated_normal","cv","basic",0.3266,0.541370579304551,0.247984383841565,0.3268,0.9998,10000,0.00468969551250398
100,"contaminated_normal","cv","normal",0.2636,0.550770390922852,0.254840081286563,0.2638,0.9998,10000,0.00440584883989453
100,"contaminated_normal","cv","bca",0.05783212161269,0.630194566862,0.344885421561521,0.0579422780348094,0.999889843577881,10000,0.00233425721210121
100,"contaminated_normal","cv","t_interval",NA,NA,NA,NA,NA,10000,NA
200,"contaminated_normal","cv","percentile",0.0091,0.400513595721466,0.127445855911701,0.0091,1,10000,0.000949588858401361
200,"contaminated_normal","cv","basic",0.0319,0.400513595721466,0.127445855911701,0.0319,1,10000,0.00175733861278924
200,"contaminated_normal","cv","normal",0.0189,0.404232766980966,0.12924397430906,0.0189,1,10000,0.00136171913403609
200,"contaminated_normal","cv","bca",0.00264496439471007,0.448251410824756,0.163774156358486,0.00264496439471007,1,10000,0.000513611580677538
200,"contaminated_normal","cv","t_interval",NA,NA,NA,NA,NA,10000,NA
